Workbook

Sheet List1
A1: ITEM | B1: QTY | C1: CALL OFF | D1: MOLD DESIGNATION | E1: MOLD WILL BE DONE | F1: PRODUCTION (WEEK)
A2: SL-300 BP 01 | B2: 3 | C2: 1 | D2: =VLOOKUP(A2,List2!$B$2:$C$115,2,0) -> NHK 10 | E2: 46247 | F2: 37
A3: SL-300 BP 02 | B3: 6 | C3: 1 | D3: =VLOOKUP(A3,List2!$B$2:$C$115,2,0) -> NHK3 | E3: 46262 | F3: 37 + 38
A4: SL-300 BP 03 | B4: 1 | C4: 1 | D4: =VLOOKUP(A4,List2!$B$2:$C$115,2,0) -> NHK3 | E4: 46262 | F4: 38
A5: SL-300 BP 04 | B5: 1 | C5: 1 | D5: =VLOOKUP(A5,List2!$B$2:$C$115,2,0) -> NHK1 | E5: 46254 | F5: 41
A6: SL-300 BP 08 | B6: 1 | C6: 1 | D6: =VLOOKUP(A6,List2!$B$2:$C$115,2,0) -> NHK1 | E6: 46254 | F6: 41
A7: SL-300 BP 09 | B7: 2 | C7: 1 | D7: =VLOOKUP(A7,List2!$B$2:$C$115,2,0) -> NHK1 | E7: 46254 | F7: 41
A8: SL-300 BP 10 | B8: 1 | C8: 1 | D8: =VLOOKUP(A8,List2!$B$2:$C$115,2,0) -> NHK1 | E8: 46254 | F8: 41
A9: SL-300 BP 13 | B9: 2 | C9: 1 | D9: =VLOOKUP(A9,List2!$B$2:$C$115,2,0) -> NHK3 | E9: 46262 | F9: 38 + 39
A10: SL-300 DR 01 | B10: 3 | C10: 1 | D10: =VLOOKUP(A10,List2!$B$2:$C$115,2,0) -> NHK2 | E10: 46254 | F10: 42
A11: SL-300 DR 02 | B11: 1 | C11: 1 | D11: =VLOOKUP(A11,List2!$B$2:$C$115,2,0) -> NHK2 | E11: 46254 | F11: 43
A12: SL-300 DR 03 | B12: 1 | C12: 1 | D12: =VLOOKUP(A12,List2!$B$2:$C$115,2,0) -> NHK2 | E12: 46254 | F12: 43
A13: SL-300 DR 04 | B13: 1 | C13: 1 | D13: =VLOOKUP(A13,List2!$B$2:$C$115,2,0) -> NHK2 | E13: 46254 | F13: 43
A14: SL-300 DR 12 | B14: 1 | C14: 1 | D14: =VLOOKUP(A14,List2!$B$2:$C$115,2,0) -> NHK 8 | E14: 46261 | F14: 43
A15: SL-300 DR FP 20 | B15: 3 | C15: 1 | D15: =VLOOKUP(A15,List2!$B$2:$C$115,2,0) -> NHK7 | E15: READY TO SPRAY | F15: 35
A16: SL-300 DR FP 21 | B16: 1 | C16: 1 | D16: =VLOOKUP(A16,List2!$B$2:$C$115,2,0) -> NHK7 | E16: READY TO SPRAY | F16: 35
A17: SL-300 DR FP 22 | B17: 1 | C17: 1 | D17: =VLOOKUP(A17,List2!$B$2:$C$115,2,0) -> NHK7 | E17: READY TO SPRAY | F17: 35
A18: SL-300 DR FP 23 | B18: 1 | C18: 1 | D18: =VLOOKUP(A18,List2!$B$2:$C$115,2,0) -> NHK7 | E18: READY TO SPRAY | F18: 36
A19: SL-300 DR FP 28 | B19: 1 | C19: 1 | D19: =VLOOKUP(A19,List2!$B$2:$C$115,2,0) -> NHK 9 | E19: 46266 | F19: 43
A20: SL-300 EP 01 | B20: 1 | C20: 1 | D20: =VLOOKUP(A20,List2!$B$2:$C$115,2,0) -> NHK5 | E20: READY TO SPRAY | F20: 35
A21: SL-300 EP 02 | B21: 1 | C21: 1 | D21: =VLOOKUP(A21,List2!$B$2:$C$115,2,0) -> NHK5 | E21: READY TO SPRAY | F21: 35
A22: SL-300 EP 03 | B22: 1 | C22: 1 | D22: =VLOOKUP(A22,List2!$B$2:$C$115,2,0) -> NHK5 | E22: READY TO SPRAY | F22: 35
A23: SL-300 EP 04 | B23: 2 | C23: 1 | D23: =VLOOKUP(A23,List2!$B$2:$C$115,2,0) -> NHK5 | E23: READY TO SPRAY | F23: 35
A24: SL-300 FP 10 | B24: 1 | C24: 1 | D24: =VLOOKUP(A24,List2!$B$2:$C$115,2,0) -> NHK7 | E24: READY TO SPRAY | F24: 36
A25: SL-300 FP 11 | B25: 2 | C25: 1 | D25: =VLOOKUP(A25,List2!$B$2:$C$115,2,0) -> NHK6 | E25: READY TO SPRAY | F25: 35
A26: SL-300 FP 12 | B26: 1 | C26: 1 | D26: =VLOOKUP(A26,List2!$B$2:$C$115,2,0) -> NHK6 | E26: READY TO SPRAY | F26: 35
A27: SL-300 FP 13 | B27: 1 | C27: 1 | D27: =VLOOKUP(A27,List2!$B$2:$C$115,2,0) -> NHK6 | E27: READY TO SPRAY | F27: 35
A28: SL-300 FP 14 | B28: 1 | C28: 1 | D28: =VLOOKUP(A28,List2!$B$2:$C$115,2,0) -> NHK7 | E28: READY TO SPRAY | F28: 36
A29: SL-300 FP 15 | B29: 3 | C29: 1 | D29: =VLOOKUP(A29,List2!$B$2:$C$115,2,0) -> NHK6 | E29: READY TO SPRAY | F29: 35 + 36
A30: SL-300 FP 16 | B30: 1 | C30: 1 | D30: =VLOOKUP(A30,List2!$B$2:$C$115,2,0) -> NHK6 | E30: READY TO SPRAY | F30: 36
A31: SL-300 FP 17 | B31: 1 | C31: 1 | D31: =VLOOKUP(A31,List2!$B$2:$C$115,2,0) -> NHK7 | E31: READY TO SPRAY | F31: 36
A32: SL-300 FP 18 | B32: 3 | C32: 1 | D32: =VLOOKUP(A32,List2!$B$2:$C$115,2,0) -> NHK6 | E32: READY TO SPRAY | F32: 36 + 37
A33: SL-300 FP 19 | B33: 1 | C33: 1 | D33: =VLOOKUP(A33,List2!$B$2:$C$115,2,0) -> NHK6 | E33: READY TO SPRAY | F33: 37
A34: SL-300 FP 20 | B34: 1 | C34: 1 | D34: =VLOOKUP(A34,List2!$B$2:$C$115,2,0) -> NHK7 | E34: READY TO SPRAY | F34: 36
A35: SL-300 FP 21 | B35: 3 | C35: 1 | D35: =VLOOKUP(A35,List2!$B$2:$C$115,2,0) -> NHK6 | E35: READY TO SPRAY | F35: 37
A36: SL-300 FP 22 | B36: 1 | C36: 1 | D36: =VLOOKUP(A36,List2!$B$2:$C$115,2,0) -> NHK6 | E36: READY TO SPRAY | F36: 38
A37: SL-300 FP 23 | B37: 1 | C37: 1 | D37: =VLOOKUP(A37,List2!$B$2:$C$115,2,0) -> NHK7 | E37: READY TO SPRAY | F37: 37
A38: SL-300 FP 24 | B38: 3 | C38: 1 | D38: =VLOOKUP(A38,List2!$B$2:$C$115,2,0) -> NHK6 | E38: READY TO SPRAY | F38: 38
A39: SL-300 FP 25 | B39: 1 | C39: 1 | D39: =VLOOKUP(A39,List2!$B$2:$C$115,2,0) -> NHK6 | E39: READY TO SPRAY | F39: 38
A40: SL-300 FP AD 01 | B40: 6 | C40: 1 | D40: =VLOOKUP(A40,List2!$B$2:$C$115,2,0) -> NHK4 | E40: READY TO SPRAY | F40: 35 + 36
A41: SL-300 FP AD 02 | B41: 6 | C41: 1 | D41: =VLOOKUP(A41,List2!$B$2:$C$115,2,0) -> NHK4 | E41: READY TO SPRAY | F41: 36
A42: SL-300 FP AD 03 | B42: 6 | C42: 1 | D42: =VLOOKUP(A42,List2!$B$2:$C$115,2,0) -> NHK4 | E42: READY TO SPRAY | F42: 37 + 38
A43: SL-300 FP AD 04 | B43: 12 | C43: 1 | D43: =VLOOKUP(A43,List2!$B$2:$C$115,2,0) -> NHK4 | E43: READY TO SPRAY | F43: 38 + 39 + 40
A44: SL-300 LP 01 | B44: 1 | C44: 1 | D44: =VLOOKUP(A44,List2!$B$2:$C$115,2,0) -> NHK4 | E44: READY TO SPRAY | F44: 40
A45: SL-300 LP 02 | B45: 1 | C45: 1 | D45: =VLOOKUP(A45,List2!$B$2:$C$115,2,0) -> NHK5 | E45: READY TO SPRAY | F45: 36
A46: SL-300 LP 03 | B46: 1 | C46: 1 | D46: =VLOOKUP(A46,List2!$B$2:$C$115,2,0) -> NHK4 | E46: READY TO SPRAY | F46: 40
A47: SL-300 LP 04 | B47: 1 | C47: 1 | D47: =VLOOKUP(A47,List2!$B$2:$C$115,2,0) -> NHK5 | E47: READY TO SPRAY | F47: 36
A48: SL-300 LP 05 | B48: 1 | C48: 1 | D48: =VLOOKUP(A48,List2!$B$2:$C$115,2,0) -> NHK4 | E48: READY TO SPRAY | F48: 41
A49: SL-300 LP 06 | B49: 1 | C49: 1 | D49: =VLOOKUP(A49,List2!$B$2:$C$115,2,0) -> NHK5 | E49: READY TO SPRAY | F49: 36
A50: SL-300 LP 07 | B50: 2 | C50: 1 | D50: =VLOOKUP(A50,List2!$B$2:$C$115,2,0) -> NHK4 | E50: READY TO SPRAY | F50: 41
A51: SL-300 LP 08 | B51: 2 | C51: 1 | D51: =VLOOKUP(A51,List2!$B$2:$C$115,2,0) -> NHK5 | E51: READY TO SPRAY | F51: 36
A52: SL-300 FP 30 | B52: 2 | C52: 2 | D52: =VLOOKUP(A52,List2!$B$2:$C$115,2,0) -> NHK7 | E52: READY TO SPRAY | F52: 37
A53: SL-300 FP 31 | B53: 8 | C53: 2 | D53: =VLOOKUP(A53,List2!$B$2:$C$115,2,0) -> NHK7 | E53: READY TO SPRAY | F53: 37 + 38 + 39
A54: SL-300 FP 32 | B54: 1 | C54: 2 | D54: =VLOOKUP(A54,List2!$B$2:$C$115,2,0) -> NHK7 | E54: READY TO SPRAY | F54: 39
A55: SL-300 FP 33 | B55: 1 | C55: 2 | D55: =VLOOKUP(A55,List2!$B$2:$C$115,2,0) -> NHK7 | E55: READY TO SPRAY | F55: 39
A56: SL-300 FP 34 | B56: 1 | C56: 2 | D56: =VLOOKUP(A56,List2!$B$2:$C$115,2,0) -> NHK7 | E56: READY TO SPRAY | F56: 39
A57: SL-300 FP 35 | B57: 2 | C57: 2 | D57: =VLOOKUP(A57,List2!$B$2:$C$115,2,0) -> NHK7 | E57: READY TO SPRAY | F57: 39 + 40
A58: SL-300 FP 36 | B58: 2 | C58: 2 | D58: =VLOOKUP(A58,List2!$B$2:$C$115,2,0) -> NHK7 | E58: READY TO SPRAY | F58: 40
A59: SL-300 FP 37 | B59: 13 | C59: 2 | D59: =VLOOKUP(A59,List2!$B$2:$C$115,2,0) -> NHK7 | E59: READY TO SPRAY | F59: 40 + 41+ 42 + 43
A60: SL-300 FP 38 | B60: 2 | C60: 2 | D60: =VLOOKUP(A60,List2!$B$2:$C$115,2,0) -> NHK7 | E60: READY TO SPRAY | F60: 43
A61: SL-300 FP 39 | B61: 13 | C61: 2 | D61: =VLOOKUP(A61,List2!$B$2:$C$115,2,0) -> NHK7 | E61: READY TO SPRAY | F61: 44 +45 +46 + 47
A62: SL-300 DR 05 | B62: 1 | C62: 3 | D62: =VLOOKUP(A62,List2!$B$2:$C$115,2,0) -> NHK2 | E62: 46254 | F62: 43
A63: SL-300 DR 06 | B63: 3 | C63: 3 | D63: =VLOOKUP(A63,List2!$B$2:$C$115,2,0) -> NHK2 | E63: 46254 | F63: 44
A64: SL-300 DR 07 | B64: 1 | C64: 3 | D64: =VLOOKUP(A64,List2!$B$2:$C$115,2,0) -> NHK2 | E64: 46254 | F64: 43
A65: SL-300 DR FP 24 | B65: 2 | C65: 3 | D65: =VLOOKUP(A65,List2!$B$2:$C$115,2,0) -> NHK7 | E65: READY TO SPRAY | F65: 47
A66: SL-300 DR FP 25 | B66: 3 | C66: 3 | D66: =VLOOKUP(A66,List2!$B$2:$C$115,2,0) -> NHK7 | E66: READY TO SPRAY | F66: 47 - 48
A67: SL-300 FP 40 | B67: 2 | C67: 3 | D67: =VLOOKUP(A67,List2!$B$2:$C$115,2,0) -> NHK7 | E67: READY TO SPRAY | F67: 48
A68: SL-300 FP 41 | B68: 13 | C68: 3 | D68: =VLOOKUP(A68,List2!$B$2:$C$115,2,0) -> NHK7 | E68: READY TO SPRAY | F68: 48 + 49 + 50 + 51
A69: SL-300 FP 42 | B69: 2 | C69: 3 | D69: =VLOOKUP(A69,List2!$B$2:$C$115,2,0) -> NHK7 | E69: READY TO SPRAY | F69: 51
A70: SL-300 FP 43 | B70: 13 | C70: 3 | D70: =VLOOKUP(A70,List2!$B$2:$C$115,2,0) -> NHK7 | E70: READY TO SPRAY | F70: 52 + 53 + 1 + 2
A71: SL-300 BP 05 | B71: 1 | C71: 4 | D71: =VLOOKUP(A71,List2!$B$2:$C$115,2,0) -> NHK1 | E71: 46254 | F71: 42
A72: SL-300 BP 06 | B72: 3 | C72: 4 | D72: =VLOOKUP(A72,List2!$B$2:$C$115,2,0) -> NHK3 | E72: 46262 | F72: 39
A73: SL-300 BP 07 | B73: 3 | C73: 4 | D73: =VLOOKUP(A73,List2!$B$2:$C$115,2,0) -> NHK3 | E73: 46262 | F73: 39 + 40
A74: SL-300 BP 11 | B74: 1 | C74: 4 | D74: =VLOOKUP(A74,List2!$B$2:$C$115,2,0) -> NHK1 | E74: 46254 | F74: 42
A75: SL-300 BP 12 | B75: 1 | C75: 4 | D75: =VLOOKUP(A75,List2!$B$2:$C$115,2,0) -> NHK3 | E75: 46262 | F75: 40
A76: SL-300 DR 08 | B76: 1 | C76: 4 | D76: =VLOOKUP(A76,List2!$B$2:$C$115,2,0) -> NHK2 | E76: 46254 | F76: 44
A77: SL-300 DR 09 | B77: 1 | C77: 4 | D77: =VLOOKUP(A77,List2!$B$2:$C$115,2,0) -> NHK2 | E77: 46254 | F77: 44
A78: SL-300 DR 10 | B78: 1 | C78: 4 | D78: =VLOOKUP(A78,List2!$B$2:$C$115,2,0) -> NHK2 | E78: 46254 | F78: 45
A79: SL-300 DR 11 | B79: 1 | C79: 4 | D79: =VLOOKUP(A79,List2!$B$2:$C$115,2,0) -> NHK2 | E79: 46254 | F79: 45
A80: SL-300 DR FP 22 | B80: 1 | C80: 4 | D80: =VLOOKUP(A80,List2!$B$2:$C$115,2,0) -> NHK7 | E80: READY TO SPRAY | F80: 2
A81: SL-300 DR FP 23 | B81: 1 | C81: 4 | D81: =VLOOKUP(A81,List2!$B$2:$C$115,2,0) -> NHK7 | E81: READY TO SPRAY | F81: 2
A82: SL-300 DR FP 26 | B82: 1 | C82: 4 | D82: =VLOOKUP(A82,List2!$B$2:$C$115,2,0) -> NHK7 | E82: READY TO SPRAY | F82: 2
A83: SL-300 DR FP 27 | B83: 1 | C83: 4 | D83: =VLOOKUP(A83,List2!$B$2:$C$115,2,0) -> NHK7 | E83: READY TO SPRAY | F83: 2
A84: SL-300 FP 11 | B84: 3 | C84: 4 | D84: =VLOOKUP(A84,List2!$B$2:$C$115,2,0) -> NHK6 | E84: READY TO SPRAY | F84: 39
A85: SL-300 FP 13 | B85: 1 | C85: 4 | D85: =VLOOKUP(A85,List2!$B$2:$C$115,2,0) -> NHK6 | E85: READY TO SPRAY | F85: 39
A86: SL-300 FP 14 | B86: 1 | C86: 4 | D86: =VLOOKUP(A86,List2!$B$2:$C$115,2,0) -> NHK7 | E86: READY TO SPRAY | F86: 3
A87: SL-300 FP 15 | B87: 3 | C87: 4 | D87: =VLOOKUP(A87,List2!$B$2:$C$115,2,0) -> NHK6 | E87: READY TO SPRAY | F87: 39 + 40
A88: SL-300 FP 16 | B88: 1 | C88: 4 | D88: =VLOOKUP(A88,List2!$B$2:$C$115,2,0) -> NHK6 | E88: READY TO SPRAY | F88: 40
A89: SL-300 FP 17 | B89: 1 | C89: 4 | D89: =VLOOKUP(A89,List2!$B$2:$C$115,2,0) -> NHK7 | E89: READY TO SPRAY | F89: 3
A90: SL-300 FP 18 | B90: 3 | C90: 4 | D90: =VLOOKUP(A90,List2!$B$2:$C$115,2,0) -> NHK6 | E90: READY TO SPRAY | F90: 40 + 41
A91: SL-300 FP 19 | B91: 1 | C91: 4 | D91: =VLOOKUP(A91,List2!$B$2:$C$115,2,0) -> NHK6 | E91: READY TO SPRAY | F91: 41
A92: SL-300 FP 20 | B92: 1 | C92: 4 | D92: =VLOOKUP(A92,List2!$B$2:$C$115,2,0) -> NHK7 | E92: READY TO SPRAY | F92: 3
A93: SL-300 FP 21 | B93: 3 | C93: 4 | D93: =VLOOKUP(A93,List2!$B$2:$C$115,2,0) -> NHK6 | E93: READY TO SPRAY | F93: 41 + 42
A94: SL-300 FP 22 | B94: 1 | C94: 4 | D94: =VLOOKUP(A94,List2!$B$2:$C$115,2,0) -> NHK6 | E94: READY TO SPRAY | F94: 42
A95: SL-300 FP 23 | B95: 1 | C95: 4 | D95: =VLOOKUP(A95,List2!$B$2:$C$115,2,0) -> NHK7 | E95: READY TO SPRAY | F95: 3
A96: SL-300 FP 24 | B96: 3 | C96: 4 | D96: =VLOOKUP(A96,List2!$B$2:$C$115,2,0) -> NHK6 | E96: READY TO SPRAY | F96: 42 + 43
A97: SL-300 FP 25 | B97: 1 | C97: 4 | D97: =VLOOKUP(A97,List2!$B$2:$C$115,2,0) -> NHK6 | E97: READY TO SPRAY | F97: 43
A98: SL-300 FP 50 | B98: 1 | C98: 4 | D98: =VLOOKUP(A98,List2!$B$2:$C$115,2,0) -> NHK7 | E98: READY TO SPRAY | F98: 3
A99: SL-300 FP 60 | B99: 1 | C99: 4 | D99: =VLOOKUP(A99,List2!$B$2:$C$115,2,0) -> NHK7 | E99: READY TO SPRAY | F99: 4
A100: SL-300 FP 61 | B100: 1 | C100: 4 | D100: =VLOOKUP(A100,List2!$B$2:$C$115,2,0) -> NHK7 | E100: READY TO SPRAY | F100: 4
...

Sheet List2
B2: SL-300 BP 08 | C2: NHK1
B3: SL-300 BP 10 | C3: NHK1
B4: SL-300 BP 09 | C4: NHK1
B5: SL-300 BP 11 | C5: NHK1
B6: SL-300 BP 05 | C6: NHK1
B7: SL-300 BP 04 | C7: NHK1
B8: SL-300
B9: SL-300 DR 07 | C9: NHK2
B10: SL-300 DR 05 | C10: NHK2
B11: SL-300 DR 06 | C11: NHK2
B12: SL-300 DR 08 | C12: NHK2
B13: SL-300 DR 04 | C13: NHK2
B14: SL-300 DR 09 | C14: NHK2
B15: SL-300 DR 03 | C15: NHK2
B16: SL-300 DR 01 | C16: NHK2
B17: SL-300 DR 10 | C17: NHK2
B18: SL-300 DR 02 | C18: NHK2
B19: SL-300 DR 11 | C19: NHK2
B20: SL-300
B21: SL-300 BP 07 | C21: NHK3
B22: SL-300 BP 12 | C22: NHK3
B23: SL-300 BP 03 | C23: NHK3
B24: SL-300 BP 13 | C24: NHK3
B25: SL-300 BP 02 | C25: NHK3
B26: SL-300 BP 06 | C26: NHK3
B27: SL-300
B28: SL-300
B29: SL-300
B30: SL-300 FP AD 01 | C30: NHK4
B31: SL-300 FP AD 02 | C31: NHK4
B32: SL-300 FP AD 04 | C32: NHK4
B33: SL-300 FP AD 03 | C33: NHK4
B34: SL-300 FP AD 65 | C34: NHK4
B35: SL-300 FP AD 67 | C35: NHK4
B36: SL-300 FP AD 66 | C36: NHK4
B37: SL-300 LP 01 | C37: NHK4
B38: SL-300 LP 03 | C38: NHK4
B39: SL-300 LP 07 | C39: NHK4
B40: SL-300 LP 05 | C40: NHK4
B41: SL-300
B42: SL-300 EP 02 | C42: NHK5
B43: SL-300 EP 01 | C43: NHK5
B44: SL-300 EP 03 | C44: NHK5
B45: SL-300 EP 04 | C45: NHK5
B46: SL-300 LP 02 | C46: NHK5
B47: SL-300 LP 60 | C47: NHK5
B48: SL-300 LP 04 | C48: NHK5
B49: SL-300 LP 08 | C49: NHK5
B50: SL-300 LP 06 | C50: NHK5
B51: SL-300
B52: SL-300 FP 13 | C52: NHK6
B53: SL-300 FP 16 | C53: NHK6
B54: SL-300 FP 22 | C54: NHK6
B55: SL-300 FP 25 | C55: NHK6
B56: SL-300 FP 19 | C56: NHK6
B57: SL-300 FP 11 | C57: NHK6
B58: SL-300 FP 12 | C58: NHK6
B59: SL-300 FP 15 | C59: NHK6
B60: SL-300 FP 21 | C60: NHK6
B61: SL-300 FP 24 | C61: NHK6
B62: SL-300 FP 18 | C62: NHK6
B63: SL-300 FP 30 | C63: NHK7
... B93: SL-300 FP 17 | C93: NHK7
B94: SL-300
B95: SL-300 DR 12 | C95: NHK 8
B96: SL-300
B97: SL-300 DR FP 28 | C97: NHK 9
B98: SL-300
B99: SL-300 BP 01 | C99: NHK 10
